season,game,jersey,player,positive_carries,negative_carries,line_breaks,tries_scored,tackle_breaks,offloads,turnovers_given,try_assists,tackles_made,tackles_missed,steals,defensive_rucks,dominant_tackles,turnovers_forced,penalties
2025-2026,Rocky Gorge D1 vs PERC,,Cameron Hoppman,13,2,0,2,6,0,1,0,8,0,0,2,1,1,0
2025-2026,Rocky Gorge D1 vs PERC,,Tristan Cole,3,0,1,0,1,0,1,0,9,0,0,4,2,2,0
2025-2026,Rocky Gorge D1 vs PERC,,Larry Williams,7,0,1,0,4,1,0,0,7,1,0,2,2,0,0
2025-2026,Rocky Gorge D1 vs PERC,,Joshua Brown,15,0,0,1,5,2,0,1,18,1,0,0,1,2,0
2025-2026,Rocky Gorge D1 vs PERC,,James Nutland,5,1,0,0,0,0,1,0,20,1,0,1,3,0,1
2025-2026,Rocky Gorge D1 vs PERC,,Kevin Koch,10,0,2,0,4,0,0,0,15,2,0,1,0,1,2
2025-2026,Rocky Gorge D1 vs PERC,,James Park,3,0,0,0,0,0,0,0,15,0,0,4,2,0,1
2025-2026,Rocky Gorge D1 vs PERC,,Adam Wiley,9,0,1,1,3,0,2,0,17,1,0,2,3,2,0
2025-2026,Rocky Gorge D1 vs PERC,,Brandon Drummond,3,0,0,0,1,0,0,1,6,2,0,0,0,0,0
2025-2026,Rocky Gorge D1 vs PERC,,Jamison Hulbert,5,0,0,0,1,1,0,1,6,0,0,0,0,1,0
2025-2026,Rocky Gorge D1 vs PERC,,Jason Bland,0,0,0,0,0,0,0,0,4,1,0,0,1,0,0
2025-2026,Rocky Gorge D1 vs PERC,,Keagan O'Connell,14,0,2,1,8,1,3,0,6,1,1,2,0,0,0
2025-2026,Rocky Gorge D1 vs PERC,,Luc Desroches,9,0,0,0,2,1,0,0,7,1,0,2,0,0,0
2025-2026,Rocky Gorge D1 vs PERC,,Donte Speight,5,0,0,0,0,0,0,0,0,1,0,0,0,0,0
2025-2026,Rocky Gorge D1 vs PERC,,Hunter Shelton,3,0,0,0,0,0,1,1,3,1,0,0,0,0,0
2025-2026,Rocky Gorge D1 vs PERC,,Gabriel Smith,1,0,0,0,0,0,0,0,7,1,0,0,1,0,0
2025-2026,Rocky Gorge D1 vs PERC,,Kristopher Gough,1,0,0,0,0,0,0,0,10,2,0,0,1,0,1
2025-2026,Rocky Gorge D1 vs PERC,,Cordell Drummond,0,0,0,0,0,0,0,0,7,1,0,0,1,0,0
2025-2026,Rocky Gorge D1 vs PERC,,William Miller,1,0,0,0,0,0,0,0,9,0,0,1,1,0,0
2025-2026,Rocky Gorge D1 vs PERC,,Alexander Florenzo,1,0,1,1,0,0,0,0,9,0,0,1,0,0,0
2025-2026,Rocky Gorge D1 vs PERC,,Julian Alvarez,2,0,0,0,0,0,0,0,0,0,0,1,0,1,0
2025-2026,Rocky Gorge D1 vs PERC,,Preston Jones,1,0,0,0,0,0,0,0,1,1,0,0,0,0,0
2025-2026,Rocky Gorge D1 vs BC (50min),,Kristopher Gough,4,0,0,0,1,0,1,0,5,1,0,0,0,0,1
2025-2026,Rocky Gorge D1 vs BC (50min),,Tristan Cole,6,0,1,1,3,0,0,0,11,1,0,2,4,2,0
2025-2026,Rocky Gorge D1 vs BC (50min),,Larry Williams,6,0,0,1,5,0,0,0,3,1,0,3,0,1,1
2025-2026,Rocky Gorge D1 vs BC (50min),,William Miller,1,1,0,0,0,0,1,0,2,0,0,1,1,0,1
2025-2026,Rocky Gorge D1 vs BC (50min),,Seth Hardy,3,0,0,0,0,0,0,0,6,1,0,0,0,0,0
2025-2026,Rocky Gorge D1 vs BC (50min),,Alexander Florenzo,5,0,0,0,0,0,1,0,7,0,0,0,2,0,0
2025-2026,Rocky Gorge D1 vs BC (50min),,Evan Miller,2,0,0,0,2,1,0,0,3,1,0,0,0,0,0
2025-2026,Rocky Gorge D1 vs BC (50min),,Adam Wiley,8,0,0,0,0,0,3,0,3,1,0,0,0,0,1
2025-2026,Rocky Gorge D1 vs BC (50min),,Michael Williams,0,0,0,0,0,0,0,0,1,1,0,0,0,0,0
2025-2026,Rocky Gorge D1 vs BC (50min),,Jamison Hulbert,2,0,0,0,1,0,1,2,1,1,0,0,0,0,0
2025-2026,Rocky Gorge D1 vs BC (50min),,Preston Jones,3,0,1,1,2,1,0,1,5,0,0,0,2,1,1
2025-2026,Rocky Gorge D1 vs BC (50min),,Keagan O'Connell,7,0,0,1,4,1,1,0,7,0,0,1,0,0,0
2025-2026,Rocky Gorge D1 vs BC (50min),,Julian Alvarez,9,0,2,1,6,1,2,1,7,1,0,1,0,1,1
2025-2026,Rocky Gorge D1 vs BC (50min),,Jason Bland,0,0,0,0,0,0,0,0,1,0,0,0,0,0,0
2025-2026,Rocky Gorge D1 vs BC (50min),,Hunter Shelton,4,0,1,0,2,1,0,1,2,0,0,0,0,1,0
2025-2026,Rocky Gorge D1 vs BC (50min),,Gabriel Smith,1,0,0,0,0,0,0,0,4,0,1,0,0,0,0
2025-2026,Rocky Gorge D1 vs BC (50min),,Donte Speight,0,0,0,0,0,0,0,0,1,0,0,0,0,1,0
2025-2026,Rocky Gorge D1 vs BC (50min),,Justin Smith,1,0,1,1,1,0,0,0,0,0,0,0,0,0,0
2025-2026,Rocky Gorge D1 vs Wash Irish,,Cameron Hoppman,6,0,2,3,9,0,1,0,2,2,0,2,1,0,1
2025-2026,Rocky Gorge D1 vs Wash Irish,,Tristan Cole,7,0,0,0,2,0,0,0,6,0,0,0,5,0,2
2025-2026,Rocky Gorge D1 vs Wash Irish,,Larry Williams,6,0,0,1,2,0,1,0,3,1,0,1,0,0,0
2025-2026,Rocky Gorge D1 vs Wash Irish,,James Nutland,11,0,0,0,0,1,1,0,10,0,0,0,0,0,0
2025-2026,Rocky Gorge D1 vs Wash Irish,,William Miller,7,1,0,0,0,1,0,0,5,0,1,3,1,1,0
2025-2026,Rocky Gorge D1 vs Wash Irish,,Alexander Florenzo,8,0,2,1,6,0,1,0,8,0,0,0,1,0,0
2025-2026,Rocky Gorge D1 vs Wash Irish,,Kevin Koch,6,0,0,0,1,0,2,0,5,0,0,3,0,1,1
2025-2026,Rocky Gorge D1 vs Wash Irish,,Adam Wiley,12,0,0,0,3,1,0,0,12,1,1,0,1,1,2
2025-2026,Rocky Gorge D1 vs Wash Irish,,Brandon Drummond,2,0,0,0,1,0,0,1,1,0,0,0,0,0,0
2025-2026,Rocky Gorge D1 vs Wash Irish,,Jamison Hulbert,6,0,1,0,1,2,2,5,3,2,0,0,0,0,0
2025-2026,Rocky Gorge D1 vs Wash Irish,,Preston Jones,3,0,1,0,1,0,1,0,2,2,0,0,0,0,0
2025-2026,Rocky Gorge D1 vs Wash Irish,,Keagan O'Connell,10,0,2,0,8,1,2,0,4,1,0,3,0,2,0
2025-2026,Rocky Gorge D1 vs Wash Irish,,Julian Alvarez,10,0,2,0,4,2,2,0,8,0,0,2,0,0,3
2025-2026,Rocky Gorge D1 vs Wash Irish,,Donte Speight,9,0,1,0,3,0,1,0,2,0,0,0,0,0,0
2025-2026,Rocky Gorge D1 vs Wash Irish,,Hunter Shelton,5,0,2,0,0,2,1,0,1,0,0,0,0,0,0
2025-2026,Rocky Gorge D1 vs Wash Irish,,Gabriel Smith,0,0,0,0,0,0,0,0,4,0,0,0,2,1,2
2025-2026,Rocky Gorge D1 vs Wash Irish,,Kristopher Gough,8,0,0,0,3,0,2,0,2,0,0,1,0,1,1
2025-2026,Rocky Gorge D1 vs Wash Irish,,Cordell Drummond,2,0,0,0,1,0,0,0,6,0,0,0,1,0,0
2025-2026,Rocky Gorge D1 vs Wash Irish,,Michael Peuse,6,0,2,2,8,0,0,0,2,0,0,2,0,0,0
2025-2026,Rocky Gorge D1 vs Wash Irish,,Austin Bradley,2,0,0,0,1,0,0,0,5,1,0,0,0,1,0
2025-2026,Rocky Gorge D1 vs Wash Irish,,Luc Desroches,7,0,1,1,4,2,1,1,3,1,0,0,0,0,0
2025-2026,Rocky Gorge D1 vs Wash Irish,,Quinn Kastle,2,0,0,0,0,0,0,0,0,0,0,0,0,0,0
2025-2026,Rocky Gorge D1 vs Wash Irish,,Jason Bland,3,0,0,1,0,0,1,0,3,0,0,1,1,0,1
2025-2026,Rocky Gorge D1 vs North Bay,,James Nutland,5,0,0,0,0,0,0,0,7,0,0,0,0,0,0
2025-2026,Rocky Gorge D1 vs North Bay,,Tristan Cole,6,0,0,0,0,0,2,0,18,1,0,5,3,2,1
2025-2026,Rocky Gorge D1 vs North Bay,,Cordell Drummond,4,0,0,0,0,0,0,0,16,0,0,5,3,0,1
2025-2026,Rocky Gorge D1 vs North Bay,,Joshua Brown,7,0,0,0,1,0,0,0,11,0,0,0,1,0,1
2025-2026,Rocky Gorge D1 vs North Bay,,Seth Hardy,4,0,0,0,0,0,0,0,8,0,0,1,0,0,0
2025-2026,Rocky Gorge D1 vs North Bay,,Evan Miller,4,0,1,1,2,0,1,0,17,5,1,1,1,1,1
2025-2026,Rocky Gorge D1 vs North Bay,,James Park,4,0,0,1,0,0,0,0,14,1,0,0,1,0,0
2025-2026,Rocky Gorge D1 vs North Bay,,Adam Wiley,6,0,0,0,1,0,2,0,19,0,1,1,1,0,1
2025-2026,Rocky Gorge D1 vs North Bay,,Michael Williams,2,0,0,0,0,0,0,2,3,1,0,0,0,1,0
2025-2026,Rocky Gorge D1 vs North Bay,,Jamison Hulbert,8,0,0,0,1,0,2,0,7,2,1,4,1,2,1
2025-2026,Rocky Gorge D1 vs North Bay,,Jason Bland,1,0,0,0,0,0,1,0,5,0,0,0,0,0,0
2025-2026,Rocky Gorge D1 vs North Bay,,Keagan O'Connell,16,0,3,2,8,3,5,0,15,3,0,1,0,1,0
2025-2026,Rocky Gorge D1 vs North Bay,,Luc Desroches,7,0,0,0,2,0,3,1,11,2,0,1,0,1,0
2025-2026,Rocky Gorge D1 vs North Bay,,Donte Speight,2,0,0,0,0,0,0,0,6,1,0,1,0,1,0
2025-2026,Rocky Gorge D1 vs North Bay,,Hunter Shelton,8,0,0,0,4,2,0,0,6,0,0,0,0,0,0
2025-2026,Rocky Gorge D1 vs North Bay,,Gabriel Smith,2,0,0,0,0,0,0,0,5,1,0,2,0,0,2
2025-2026,Rocky Gorge D1 vs North Bay,,Kristopher Gough,8,0,0,0,2,0,2,0,7,4,1,4,1,1,0
2025-2026,Rocky Gorge D1 vs North Bay,,Cameron Hoppman,11,0,1,1,10,2,0,0,9,0,0,3,0,0,2
2025-2026,Rocky Gorge D1 vs North Bay,,William Miller,4,0,0,0,0,0,0,0,8,2,0,1,1,1,0
2025-2026,Rocky Gorge D1 vs North Bay,,Aidan Leaird,3,0,1,0,2,0,0,0,8,1,0,3,0,0,1
2025-2026,Rocky Gorge D1 vs North Bay,,Justin Smith,1,0,0,0,0,0,0,0,5,0,0,0,0,0,0
2025-2026,Rocky Gorge D1 vs North Bay,,Julian Alvarez,1,0,0,0,1,0,0,0,7,1,0,1,1,0,0
2025-2026,Rocky Gorge D1 vs North Bay,,D'Montae Noble,6,0,0,0,4,1,1,0,4,0,0,1,0,0,2
2025-2026,Rocky Gorge D3 vs BC (D3),,Kristofer Townsel,7,0,0,0,3,0,0,0,6,1,0,0,0,0,1
2025-2026,Rocky Gorge D3 vs BC (D3),,Samuel Gregoire,0,0,0,0,0,0,0,0,12,4,0,2,0,0,0
2025-2026,Rocky Gorge D3 vs BC (D3),,Josh Floyd,5,0,0,0,0,0,2,0,3,2,0,0,0,1,0
2025-2026,Rocky Gorge D3 vs BC (D3),,Alexander Conway,2,1,0,0,0,0,1,0,2,3,0,1,0,0,1
2025-2026,Rocky Gorge D3 vs BC (D3),,Derrell Kittrell,3,0,0,0,3,0,0,0,0,0,0,0,0,0,0
2025-2026,Rocky Gorge D3 vs BC (D3),,Gregory Teliczan,0,1,0,0,0,0,0,0,3,2,0,0,0,0,0
2025-2026,Rocky Gorge D3 vs BC (D3),,Nick DeFreitas,3,0,0,0,0,2,0,0,3,1,0,0,0,0,0
2025-2026,Rocky Gorge D3 vs BC (D3),,Elijah Saunders,6,0,0,0,2,0,0,0,3,1,0,0,1,0,0
2025-2026,Rocky Gorge D3 vs BC (D3),,Maxxim Keller,2,0,0,0,0,0,3,2,9,1,0,1,0,0,0
2025-2026,Rocky Gorge D3 vs BC (D3),,Jacob Rampolla,5,0,0,1,1,1,0,0,1,0,0,1,0,0,0
2025-2026,Rocky Gorge D3 vs BC (D3),,Ryan Henry,0,0,0,0,0,0,0,0,2,0,0,0,1,0,0
2025-2026,Rocky Gorge D3 vs BC (D3),,Ayooluwa Abraham,5,0,1,1,2,0,0,0,6,2,0,1,1,1,1
2025-2026,Rocky Gorge D3 vs BC (D3),,Tray Wright,7,0,3,0,7,3,1,2,1,0,0,0,0,0,2
2025-2026,Rocky Gorge D3 vs BC (D3),,Justin Smith,3,0,0,0,2,2,0,0,0,1,0,0,0,0,0
2025-2026,Rocky Gorge D3 vs BC (D3),,Jamel Murray,1,0,0,0,0,0,0,0,0,0,0,0,0,0,0
2025-2026,Rocky Gorge D3 vs BC (D3),,Javier Diaz-Pender,5,0,0,0,0,0,0,0,1,2,0,0,0,0,0
2025-2026,Rocky Gorge D3 vs BC (D3),,George Ding,4,0,0,1,1,0,0,0,4,3,0,0,0,0,0
2025-2026,Rocky Gorge D3 vs BC (D3),,Kyle Henry,1,0,1,0,0,0,0,0,5,1,0,0,0,0,0
2025-2026,Rocky Gorge D3 vs BC (D3),,Austin Bradley,1,0,0,0,0,0,0,0,2,1,0,0,0,0,1
2025-2026,Rocky Gorge D3 vs BC (D3),,Damani Britt,2,0,0,0,2,1,0,0,1,1,0,0,0,0,0
2025-2026,Rocky Gorge D3 vs BC (D3),,Jesse Henderson,4,0,0,2,3,0,1,0,5,0,0,0,1,0,2
2025-2026,Rocky Gorge D3 vs BC (D3),,Justin Blocker,1,0,0,0,0,1,0,1,1,0,0,0,0,0,0
2025-2026,Rocky Gorge D3 vs BC (D3),,Quinn Kastle,2,0,0,0,0,0,0,0,0,0,0,0,0,0,0
2025-2026,Rocky Gorge D3 vs OG (D3),,Kristofer Townsel,4,1,0,0,0,0,1,0,10,1,0,3,0,0,0
2025-2026,Rocky Gorge D3 vs OG (D3),,Samuel Gregoire,1,1,0,0,0,0,0,0,8,2,1,1,0,1,0
2025-2026,Rocky Gorge D3 vs OG (D3),,Xzavier Blackmone,3,0,1,0,2,0,1,0,4,0,1,0,1,1,0
2025-2026,Rocky Gorge D3 vs OG (D3),,Michael Peuse,2,0,0,0,1,0,0,0,1,0,0,1,0,0,0
2025-2026,Rocky Gorge D3 vs OG (D3),,Derrell Kittrell,3,0,0,0,1,0,1,0,7,0,1,1,1,0,0
2025-2026,Rocky Gorge D3 vs OG (D3),,Nick DeFreitas,1,0,0,0,0,0,0,0,7,2,0,0,0,0,0
2025-2026,Rocky Gorge D3 vs OG (D3),,Khalid Epps,4,0,0,0,0,2,1,0,10,3,0,1,0,0,0
2025-2026,Rocky Gorge D3 vs OG (D3),,Elijah Saunders,10,0,0,0,3,1,2,0,14,0,0,0,1,0,2
2025-2026,Rocky Gorge D3 vs OG (D3),,Matthew Phillips,2,0,0,0,0,0,1,0,4,0,0,3,0,0,0
2025-2026,Rocky Gorge D3 vs OG (D3),,Damien Mahanama,1,0,0,0,0,0,0,1,6,4,0,0,0,0,0
2025-2026,Rocky Gorge D3 vs OG (D3),,Jesse Henderson,5,0,1,0,2,0,2,0,4,4,0,1,0,1,1
2025-2026,Rocky Gorge D3 vs OG (D3),,Ayooluwa Abraham,6,0,0,0,0,1,1,0,6,1,0,1,1,0,0
2025-2026,Rocky Gorge D3 vs OG (D3),,Tray Wright,5,0,1,1,5,0,0,0,2,0,0,2,0,0,1
2025-2026,Rocky Gorge D3 vs OG (D3),,Quinn Kastle,3,0,0,0,0,1,1,0,3,1,1,0,0,1,0
2025-2026,Rocky Gorge D3 vs OG (D3),,Jamel Murray,3,0,0,0,0,1,1,0,2,0,0,0,0,0,1
2025-2026,Rocky Gorge D3 vs OG (D3),,Matt Carroll,4,0,0,0,1,1,0,0,5,1,1,2,1,0,0
2025-2026,Rocky Gorge D3 vs OG (D3),,Josh Floyd,4,0,0,0,0,0,2,0,1,3,0,1,0,0,2
2025-2026,Rocky Gorge D3 vs OG (D3),,Ben Wardwell,4,0,0,0,0,0,0,0,2,0,0,0,0,0,1
2025-2026,Rocky Gorge D3 vs OG (D3),,Alexander Conway,4,0,0,0,0,0,1,0,2,2,0,0,0,0,0
2025-2026,Rocky Gorge D3 vs OG (D3),,Austin Bradley,2,0,0,0,0,0,0,0,5,0,0,0,0,0,0
2025-2026,Rocky Gorge D3 vs OG (D3),,Damani Britt,5,0,0,0,0,0,0,0,0,3,0,0,0,0,0
2025-2026,Rocky Gorge D3 vs OG (D3),,Cordero Curry,9,0,0,0,2,5,1,0,1,0,0,1,0,0,0
2025-2026,Rocky Gorge D3 vs OG (D3),,Everton Holder,1,0,0,0,2,0,0,0,2,1,0,0,0,0,1
2025-2026,Rocky Gorge D3 vs OG (D3),,Maxxim Keller,1,0,0,0,0,0,0,0,4,1,0,0,0,0,1
2025-2026,Rocky Gorge D3 vs OG (D3),,Justin Blocker,5,0,0,0,0,1,1,0,1,3,0,0,0,0,1
2025-2026,Rocky Gorge D3 vs OG (D3),,Gregory Teliczan,2,0,0,0,0,0,0,0,3,0,0,0,0,0,0
2025-2026,Rocky Gorge D3 vs OG (D3),,George Ding,4,0,0,0,0,0,0,0,3,0,0,0,0,0,0
2025-2026,Rocky Gorge D3 vs OG (D3),,Javier Diaz-Pender,0,0,0,0,0,0,0,0,5,0,0,1,0,0,0
2025-2026,Rocky Gorge D3 vs OG (D3),,Arya Koolaee,1,1,0,0,1,0,0,0,2,0,0,0,1,0,0
